{
  "appId": "io.Kipchabo.pos",
  "appName": "Kipchabo Field Sales",
  "bundledWebRuntime": false,
  "npmClient": "npm",
  "webDir": "www",
  "plugins": {
    "SplashScreen": {
      "launchShowDuration": 0
    }
  },
  "proxies": [
    {
      "path": "/",
      "proxyUrl": "http://197.248.96.58/"
    }
  ],
  "cordova": {
    "preferences": {
      "ScrollEnabled": "false",
      "android-minSdkVersion": "19",
      "BackupWebStorage": "none",
      "SplashMaintainAspectRatio": "true",
      "FadeSplashScreenDuration": "300",
      "SplashShowOnlyFirstTime": "false",
      "SplashScreen": "screen",
      "SplashScreenDelay": "10000"
    }
  }
}